unique_id,pK,sdf_file,pdb_file,truth,preds_0,preds_1,preds_2,preds_3,preds_4,preds_5,preds_6,preds_7,preds_8,preds_9,preds
3ao4,2.07,data/example_database/3ao4.sdf,data/example_database/3ao4.pdb,2.07,4.011633,3.5280042,3.3411233,3.313397,2.2873862,3.2614083,3.5437925,3.0115645,2.580869,3.3418608,3.2221038
3gv9,2.12,data/example_database/3gv9.sdf,data/example_database/3gv9.pdb,2.1199996,3.68585,3.5544136,3.6359735,3.3813963,3.337381,3.8913288,3.3849442,4.062285,4.0386577,3.482138,3.6454368
1uto,2.27,data/example_database/1uto.sdf,data/example_database/1uto.pdb,2.2700002,2.8273032,2.5063698,2.2711556,2.5016677,3.1571927,2.9213173,3.0284054,2.7520068,2.7113755,2.917421,2.7594218
1ps3,2.28,data/example_database/1ps3.sdf,data/example_database/1ps3.pdb,2.28,5.407643,5.307298,5.657003,4.8320956,5.1764126,5.5206423,5.7436647,4.698223,5.6089954,5.500489,5.345247
4ddk,2.29,data/example_database/4ddk.sdf,data/example_database/4ddk.pdb,2.2900002,3.783268,3.7888408,3.736175,3.033767,3.2335787,3.359884,3.696755,2.977105,3.185122,3.3578892,3.4152381
4jsz,2.3,data/example_database/4jsz.sdf,data/example_database/4jsz.pdb,2.3,5.597564,4.1217957,4.9566684,5.052986,4.880087,5.523363,3.3780289,5.098415,5.739615,4.778344,4.912687
3dxg,2.4,data/example_database/3dxg.sdf,data/example_database/3dxg.pdb,2.4000003,4.1577497,3.9933534,3.9358923,3.6888871,3.2368808,3.860143,3.557323,4.1132045,3.483665,3.3022656,3.7329364
3l7b,2.4,data/example_database/3l7b.sdf,data/example_database/3l7b.pdb,2.4000003,2.717622,2.362953,2.48818,2.954521,2.16663,2.4811175,2.8509657,2.6560347,2.8567832,2.5829446,2.6117752
3kgp,2.57,data/example_database/3kgp.sdf,data/example_database/3kgp.pdb,2.5700004,3.141126,3.209184,3.3283017,3.4287424,2.609114,2.7438452,3.7477152,3.1648889,2.6345336,3.6450467,3.1652496
3fcq,2.77,data/example_database/3fcq.sdf,data/example_database/3fcq.pdb,2.7699997,4.0875263,4.987214,4.634289,4.91816,5.5919127,5.120834,5.26304,5.06283,4.3355923,4.8426323,4.8844037
3lka,2.82,data/example_database/3lka.sdf,data/example_database/3lka.pdb,2.82,6.1869726,6.337004,5.165352,5.645355,5.529766,5.342117,4.662906,4.93966,5.7005925,5.3913875,5.4901114
3zt2,2.84,data/example_database/3zt2.sdf,data/example_database/3zt2.pdb,2.84,5.553897,4.4932003,4.930702,5.728572,5.2617073,6.0916944,4.8224754,5.4025917,5.350315,4.495419,5.2130575
3udh,2.85,data/example_database/3udh.sdf,data/example_database/3udh.pdb,2.8500001,4.6256666,4.127831,4.7702823,5.0304875,4.6924243,4.386976,3.8933737,2.9987423,4.3117156,4.154476,4.299197
3g31,2.89,data/example_database/3g31.sdf,data/example_database/3g31.pdb,2.89,3.694598,3.3265877,4.168524,3.09332,3.9396186,4.4733396,3.5604622,3.8717756,3.1315758,3.2883253,3.654813
4llx,2.89,data/example_database/4llx.sdf,data/example_database/4llx.pdb,2.89,4.144224,2.9187748,3.4820764,3.3823814,4.322144,3.4466248,3.657485,4.165,3.4949265,3.9658396,3.6979477
4u4s,2.92,data/example_database/4u4s.sdf,data/example_database/4u4s.pdb,2.9200003,5.206801,5.603822,5.4254985,5.472241,5.102438,5.143934,5.0850253,4.8386436,5.482502,4.92246,5.2283363
4owm,2.96,data/example_database/4owm.sdf,data/example_database/4owm.pdb,2.9600003,3.7703314,3.5362732,3.6427524,4.090862,3.7491043,4.3877425,2.9658859,3.894407,3.7768223,3.4384477,3.7252624
5aba,2.98,data/example_database/5aba.sdf,data/example_database/5aba.pdb,2.9799998,5.018975,4.1166816,5.032619,4.3790627,4.6015687,4.754036,5.605361,5.218713,5.2066655,4.7633085,4.869699
2xdl,3.1,data/example_database/2xdl.sdf,data/example_database/2xdl.pdb,3.1000001,5.4449725,5.05102,5.219417,5.64505,5.0417194,5.7717757,5.495073,5.336768,5.7614393,5.302792,5.4070024
4kz6,3.1,data/example_database/4kz6.sdf,data/example_database/4kz6.pdb,3.1000001,4.062701,4.8138776,4.3359137,4.350889,4.812109,4.2675877,5.6604257,5.802644,5.1156964,4.6850767,4.7906923
3aru,3.22,data/example_database/3aru.sdf,data/example_database/3aru.pdb,3.2200003,4.3795576,3.6271465,4.2615566,4.6936307,4.7012796,4.6345406,4.854393,5.0354657,4.9146194,4.5051417,4.560733
1bcu,3.28,data/example_database/1bcu.sdf,data/example_database/1bcu.pdb,3.28,4.1299567,4.9485064,4.254812,4.646903,4.2575936,4.9806476,5.7082458,4.2614655,4.0015697,4.712373,4.5902076
3zsx,3.28,data/example_database/3zsx.sdf,data/example_database/3zsx.pdb,3.28,4.1613884,3.765273,4.2983446,4.771722,4.2286315,4.657166,3.6504765,4.2354097,4.791568,4.304271,4.286425
4ddh,3.3,data/example_database/4ddh.sdf,data/example_database/4ddh.pdb,3.3,4.4571037,4.285355,4.2688584,4.2358,3.9700837,4.40912,5.005904,4.0461287,4.4684114,3.9006846,4.3047447
4eky,3.52,data/example_database/4eky.sdf,data/example_database/4eky.pdb,3.52,4.1325445,4.2348514,3.2502882,3.0917795,3.8005269,3.3836515,3.644042,3.056589,3.414028,3.7845266,3.5792828
4abg,3.57,data/example_database/4abg.sdf,data/example_database/4abg.pdb,3.57,4.4244614,4.326007,3.8960276,3.8219304,4.5738935,4.1436443,4.6961365,4.1203365,4.6532536,3.34708,4.2002773
5a7b,3.57,data/example_database/5a7b.sdf,data/example_database/5a7b.pdb,3.57,5.143009,5.0164566,6.2419086,5.721037,5.195969,6.041905,6.203878,6.3138256,5.340039,5.76518,5.698321
3dx1,3.58,data/example_database/3dx1.sdf,data/example_database/3dx1.pdb,3.58,4.973627,5.4294734,6.182806,4.934302,6.0863976,5.969152,4.991154,5.8267584,6.3192344,6.357194,5.7070093
4bkt,3.62,data/example_database/4bkt.sdf,data/example_database/4bkt.pdb,3.6200001,3.7123535,4.041066,3.8134165,3.8309467,4.1029086,4.209206,3.8194928,4.1360273,3.8939414,4.1773844,3.973674
2v00,3.66,data/example_database/2v00.sdf,data/example_database/2v00.pdb,3.6600003,4.815895,4.068434,4.073876,4.4368877,4.455238,4.3074074,3.9701927,3.9133196,4.24434,4.1136427,4.239923
4cig,3.67,data/example_database/4cig.sdf,data/example_database/4cig.pdb,3.6700003,5.6331725,5.845203,5.4879527,6.087499,5.9700017,5.2271533,5.5433,5.667961,5.744918,4.9355507,5.614271
3n7a,3.7,data/example_database/3n7a.sdf,data/example_database/3n7a.pdb,3.7,4.2630754,3.7158377,4.5376515,4.234227,4.060868,4.473128,4.1028447,4.06846,4.2071095,4.422811,4.208601
3d6q,3.76,data/example_database/3d6q.sdf,data/example_database/3d6q.pdb,3.7600002,4.014468,3.753732,4.100581,4.324768,3.8807864,4.022733,3.913197,4.1190257,3.8950253,4.1210084,4.0145326
2hb1,3.8,data/example_database/2hb1.sdf,data/example_database/2hb1.pdb,3.8,4.6162586,5.2545967,5.2043157,5.2034583,4.559116,5.3860397,4.7699633,5.7331934,5.107908,5.413022,5.124787
3twp,3.92,data/example_database/3twp.sdf,data/example_database/3twp.pdb,3.92,4.6257873,4.1686287,3.734829,4.846457,3.229266,4.339165,3.2820597,4.3756905,4.0374317,4.153258,4.079257
4agn,3.97,data/example_database/4agn.sdf,data/example_database/4agn.pdb,3.97,4.912723,5.101691,5.0081186,5.1246085,4.7823763,5.0726395,5.9657793,5.6479607,4.9442277,5.318688,5.187881
1c5z,4.01,data/example_database/1c5z.sdf,data/example_database/1c5z.pdb,4.01,4.091278,3.9488728,3.8714445,4.1836295,4.7501345,3.6402826,3.9294682,4.2376604,3.6822236,4.0717363,4.0406733
3nq9,4.03,data/example_database/3nq9.sdf,data/example_database/3nq9.pdb,4.03,5.7423825,5.6478605,5.5513935,4.980619,5.4524274,5.138291,6.3788004,5.464651,5.025834,4.3813663,5.3763623
2w66,4.05,data/example_database/2w66.sdf,data/example_database/2w66.pdb,4.05,5.299573,5.094634,5.5263762,5.0601864,5.13244,4.7622604,5.3534207,5.5458403,5.4477262,6.249639,5.34721
3kwa,4.08,data/example_database/3kwa.sdf,data/example_database/3kwa.pdb,4.08,5.303533,6.868441,5.5540786,7.0023446,6.5316367,5.714998,7.6296353,7.5477796,6.19462,6.9196515,6.5266724
3g2n,4.09,data/example_database/3g2n.sdf,data/example_database/3g2n.pdb,4.09,4.4545693,4.2967463,4.635787,4.2523165,3.7788522,4.3314776,4.363666,4.169058,4.101115,4.341151,4.2724743
4cr9,4.1,data/example_database/4cr9.sdf,data/example_database/4cr9.pdb,4.1,3.7025247,3.3067818,3.5117211,3.9166045,3.3180478,4.0316577,3.9077938,3.8005567,3.3556683,4.16995,3.7021306
3ozt,4.13,data/example_database/3ozt.sdf,data/example_database/3ozt.pdb,4.13,6.087105,5.6366925,6.399975,6.697097,6.6225057,6.285797,5.3539004,6.375629,6.2091575,6.7570777,6.2424936
1a30,4.3,data/example_database/1a30.sdf,data/example_database/1a30.pdb,4.3,5.930313,5.464287,5.0676317,5.028915,5.5282006,5.604322,6.2060823,5.2229753,6.085246,4.804836,5.494281
3ivg,4.3,data/example_database/3ivg.sdf,data/example_database/3ivg.pdb,4.3,6.015795,5.837556,5.8786235,5.6615047,5.567381,6.8005223,6.308747,5.55918,5.98025,5.7321196,5.9341683
3u9q,4.38,data/example_database/3u9q.sdf,data/example_database/3u9q.pdb,4.38,5.5328493,5.359723,6.1696005,5.189423,5.918683,5.9779677,5.307303,5.9693394,5.6238465,5.754177,5.680291
3rsx,4.41,data/example_database/3rsx.sdf,data/example_database/3rsx.pdb,4.41,5.016142,4.595719,5.027995,5.128051,4.942231,5.225045,5.415388,5.2763715,5.142266,4.6465955,5.04158
3pxf,4.43,data/example_database/3pxf.sdf,data/example_database/3pxf.pdb,4.43,5.8447776,5.151667,5.6299195,5.641476,5.8475566,5.3133335,5.822271,5.606946,5.241466,5.794833,5.5894246
2wbg,4.45,data/example_database/2wbg.sdf,data/example_database/2wbg.pdb,4.45,6.292904,6.1784,6.086358,5.9525023,5.9794164,5.9262676,6.331698,5.557935,6.4563456,6.0575504,6.0819373
4w9c,4.65,data/example_database/4w9c.sdf,data/example_database/4w9c.pdb,4.65,4.775271,5.4131484,4.993882,4.9000554,4.707376,5.199983,5.0698237,5.297356,4.8728447,4.7653785,4.9995117
3mss,4.66,data/example_database/3mss.sdf,data/example_database/3mss.pdb,4.66,4.164967,3.9842901,4.165774,4.891844,4.998332,4.8382506,4.961499,4.8660913,4.4198804,5.090121,4.6381054
4agp,4.69,data/example_database/4agp.sdf,data/example_database/4agp.pdb,4.69,5.2885933,5.035576,6.083017,5.5423584,4.8651433,5.614367,5.9189315,5.7695894,5.012721,5.4294753,5.455977
4mgd,4.69,data/example_database/4mgd.sdf,data/example_database/4mgd.pdb,4.69,7.0098376,7.572287,6.8690224,6.5412207,6.855175,6.7808046,7.0416512,6.314325,6.901881,6.845376,6.8731585
1vso,4.72,data/example_database/1vso.sdf,data/example_database/1vso.pdb,4.72,5.45833,5.7591515,6.2307606,5.532335,5.994988,5.3646145,5.561757,5.1408963,6.223477,4.9117546,5.6178064
4jxs,4.74,data/example_database/4jxs.sdf,data/example_database/4jxs.pdb,4.74,4.884049,4.873323,5.535019,5.361309,4.7767906,4.865326,6.0408273,5.301261,5.2902026,5.754263,5.268237
1q8t,4.76,data/example_database/1q8t.sdf,data/example_database/1q8t.pdb,4.76,6.0472,4.9701967,6.203514,5.472245,5.907315,5.9893227,6.1665697,5.874699,5.6962304,5.835963,5.8163257
3acw,4.76,data/example_database/3acw.sdf,data/example_database/3acw.pdb,4.76,6.202833,6.151699,5.7534547,6.4134407,5.433929,6.03045,6.536697,5.7302556,6.443837,6.641423,6.1338015
3r88,4.82,data/example_database/3r88.sdf,data/example_database/3r88.pdb,4.82,4.043343,3.8289661,5.150456,3.9291048,4.0005956,4.2066793,3.6088114,4.1821547,4.1796856,4.365112,4.1494913
4ciw,4.82,data/example_database/4ciw.sdf,data/example_database/4ciw.pdb,4.82,4.9664235,5.3381305,5.11286,5.515922,4.884479,5.174408,5.207026,4.909952,5.1344113,4.8747573,5.1118364
2w4x,4.85,data/example_database/2w4x.sdf,data/example_database/2w4x.pdb,4.85,4.938198,5.279697,5.405848,4.542923,6.2287464,5.0483813,5.779188,5.9903693,5.2790923,4.769593,5.3262033
2brb,4.86,data/example_database/2brb.sdf,data/example_database/2brb.pdb,4.86,6.1241055,6.003817,5.829325,5.7164536,5.4305325,6.112408,5.9786344,5.9160695,6.248082,6.1113505,5.9470778
1p1q,4.89,data/example_database/1p1q.sdf,data/example_database/1p1q.pdb,4.89,6.603125,5.6775255,6.6563606,6.6979814,5.7964315,6.127343,6.2746577,6.6477594,6.2561636,7.0526657,6.379001
3d4z,4.89,data/example_database/3d4z.sdf,data/example_database/3d4z.pdb,4.89,4.837408,6.44633,5.4622793,5.8819633,5.728973,5.483042,6.1687746,6.07106,5.4782767,5.5878005,5.7145905
1bzc,4.92,data/example_database/1bzc.sdf,data/example_database/1bzc.pdb,4.92,6.880725,6.025922,6.8790774,6.5706367,6.081498,6.2748833,6.5034394,6.5198073,6.0739264,6.4094396,6.421935
4agq,5.01,data/example_database/4agq.sdf,data/example_database/4agq.pdb,5.01,5.35847,5.284436,5.2980037,5.7464013,4.8327165,5.1912713,5.6155696,5.6432652,4.628893,5.415199,5.301422
4w9l,5.02,data/example_database/4w9l.sdf,data/example_database/4w9l.pdb,5.02,6.4767075,6.537314,6.5258894,6.3227506,5.9765573,6.3949213,6.002171,6.3867807,6.245988,6.4774966,6.334657
2yge,5.06,data/example_database/2yge.sdf,data/example_database/2yge.pdb,5.06,6.250279,5.8686357,5.7847414,5.829584,6.1023135,5.782382,6.2937274,6.420672,5.762231,5.951892,6.004646
2r9w,5.1,data/example_database/2r9w.sdf,data/example_database/2r9w.pdb,5.1,5.88252,5.1442246,5.6170993,5.205879,4.7657533,5.52733,5.811538,5.2240033,5.0436845,4.9103866,5.313242
3gy4,5.1,data/example_database/3gy4.sdf,data/example_database/3gy4.pdb,5.1,4.264521,3.7008452,4.005114,4.216492,3.9263663,4.288375,3.8597322,4.101497,3.8024943,4.2873945,4.0452833
3syr,5.1,data/example_database/3syr.sdf,data/example_database/3syr.pdb,5.1,5.4964542,5.2653565,5.253145,5.371268,4.9558206,4.9832177,5.8747272,5.008049,5.163361,5.393995,5.2765393
3zso,5.12,data/example_database/3zso.sdf,data/example_database/3zso.pdb,5.12,5.2767406,5.9255133,5.203027,6.5817757,6.243801,5.853044,5.9858146,5.398827,5.9575777,5.6765065,5.810262
2br1,5.14,data/example_database/2br1.sdf,data/example_database/2br1.pdb,5.14,6.199619,6.732701,6.5793138,6.0107017,6.204837,6.6838913,6.777681,6.36077,7.0938225,6.651602,6.529494
1s38,5.15,data/example_database/1s38.sdf,data/example_database/1s38.pdb,5.15,5.8212647,5.170625,5.5488577,4.173401,5.3365097,6.292615,5.950725,5.3991265,6.165852,5.5744104,5.543339
3b27,5.16,data/example_database/3b27.sdf,data/example_database/3b27.pdb,5.16,5.864304,5.388124,4.767574,5.3375363,5.246441,5.755854,5.5469575,4.883742,5.418801,5.094249,5.3303585
4gkm,5.17,data/example_database/4gkm.sdf,data/example_database/4gkm.pdb,5.17,4.8580995,4.5547104,4.6442575,4.680648,5.1107903,5.552127,4.6737537,4.764697,5.3116755,4.478175,4.8628936
4m0z,5.19,data/example_database/4m0z.sdf,data/example_database/4m0z.pdb,5.19,6.1277804,6.654277,6.352343,5.837783,6.28598,6.199841,6.674733,6.6265044,6.920722,6.0150065,6.369497
1w4o,5.22,data/example_database/1w4o.sdf,data/example_database/1w4o.pdb,5.22,4.558409,4.493122,4.81976,5.3501506,4.5114956,4.956755,4.703289,4.811505,4.6210065,4.7460403,4.7571535
3ueu,5.24,data/example_database/3ueu.sdf,data/example_database/3ueu.pdb,5.24,6.14538,5.7249827,5.982245,5.4114304,5.4177456,5.496606,6.258134,5.6161265,4.842654,5.593233,5.6488543
4ih7,5.24,data/example_database/4ih7.sdf,data/example_database/4ih7.pdb,5.24,6.371567,6.524338,5.735777,6.3384447,6.5044365,5.7509794,6.4307437,5.110042,6.4145274,6.0176277,6.1198487
4jfs,5.27,data/example_database/4jfs.sdf,data/example_database/4jfs.pdb,5.27,5.977835,5.402628,6.1865425,5.833013,5.9813437,5.8451953,6.3152814,5.94894,5.3330054,5.9925833,5.8816366
3ozs,5.33,data/example_database/3ozs.sdf,data/example_database/3ozs.pdb,5.33,6.8768516,6.7904,6.392819,6.5791397,6.812381,6.700723,6.182613,7.072599,6.2393045,6.609803,6.625663
3bv9,5.36,data/example_database/3bv9.sdf,data/example_database/3bv9.pdb,5.36,7.149119,5.4634275,6.6294203,6.5393753,6.1087775,6.193025,6.089923,5.5138154,6.804525,6.583631,6.3075037
1gpk,5.37,data/example_database/1gpk.sdf,data/example_database/1gpk.pdb,5.37,6.483615,6.211579,6.4085236,6.421891,5.6225934,5.2340956,5.964231,6.9600544,6.272966,5.5783525,6.11579
1syi,5.44,data/example_database/1syi.sdf,data/example_database/1syi.pdb,5.44,5.9410334,6.2180057,6.4940176,5.917909,6.1956162,5.923319,5.9254704,5.669968,6.463289,6.1963468,6.094497
2cbv,5.48,data/example_database/2cbv.sdf,data/example_database/2cbv.pdb,5.48,4.8584204,4.1364264,5.9089494,4.9286804,4.3994093,4.8934155,4.689008,4.6748185,4.4633994,4.812387,4.776491
1ydr,5.52,data/example_database/1ydr.sdf,data/example_database/1ydr.pdb,5.52,6.1629233,5.910791,6.072998,5.8027716,5.8451552,5.4909344,6.017471,5.8253555,5.8172226,6.002721,5.8948345
3coz,5.57,data/example_database/3coz.sdf,data/example_database/3coz.pdb,5.57,7.4676785,7.6193695,6.857379,7.2013736,7.6863265,7.085532,6.86643,6.922592,6.9832397,6.3637595,7.105368
2wca,5.6,data/example_database/2wca.sdf,data/example_database/2wca.pdb,5.6,6.780766,7.1401906,7.07255,6.6424346,7.2406783,7.0714684,6.7692194,7.3212914,6.8688626,7.472925,7.0380387
3u5j,5.61,data/example_database/3u5j.sdf,data/example_database/3u5j.pdb,5.61,5.6440167,5.794255,6.076147,5.7091985,5.489021,5.6717405,5.811921,5.7149463,5.8073115,5.6570373,5.7375593
4dli,5.62,data/example_database/4dli.sdf,data/example_database/4dli.pdb,5.62,6.669885,6.1464763,7.36494,6.6222196,6.7712684,7.4711514,6.4938784,6.707925,7.073821,6.9344516,6.825601
1z9g,5.64,data/example_database/1z9g.sdf,data/example_database/1z9g.pdb,5.64,5.902167,5.840755,6.2058287,5.3636265,5.910877,5.8943152,5.929436,5.4456553,5.8629856,6.3403263,5.869597
3arv,5.64,data/example_database/3arv.sdf,data/example_database/3arv.pdb,5.64,5.042589,5.004803,5.5821505,5.7902846,5.6658406,5.921159,5.951305,5.910536,5.7014546,5.5935435,5.6163664
3n86,5.64,data/example_database/3n86.sdf,data/example_database/3n86.pdb,5.64,5.4168344,5.704235,5.87936,5.7369905,5.2635098,5.392957,6.061509,5.4280224,5.3656273,5.6091995,5.585824
5c28,5.66,data/example_database/5c28.sdf,data/example_database/5c28.pdb,5.66,5.5706463,5.2325916,5.512235,5.4540224,5.188931,5.159365,5.442692,5.1789308,5.173305,5.419185,5.333191
1o5b,5.77,data/example_database/1o5b.sdf,data/example_database/1o5b.pdb,5.77,6.5697813,6.404648,6.129415,6.351814,5.8953032,5.977886,6.0525603,6.058527,5.9886694,6.422888,6.185149
2y5h,5.79,data/example_database/2y5h.sdf,data/example_database/2y5h.pdb,5.79,6.1194267,6.5430417,6.34044,6.843935,6.111317,6.6474867,6.6448565,7.055384,6.591612,6.854245,6.575175
3qqs,5.82,data/example_database/3qqs.sdf,data/example_database/3qqs.pdb,5.82,5.01809,4.607515,4.735726,4.676936,5.2757206,4.8387885,4.303413,5.250891,5.2149687,4.9924498,4.89145
3wz8,5.82,data/example_database/3wz8.sdf,data/example_database/3wz8.pdb,5.82,6.3927484,6.1070156,6.472445,6.565397,6.7744756,6.1483846,6.496718,6.236048,6.6594114,5.9628477,6.3815494
4dld,5.82,data/example_database/4dld.sdf,data/example_database/4dld.pdb,5.82,6.3869715,6.1086965,6.6106186,5.710579,5.6167674,6.5057607,6.0264897,5.494086,6.0391054,6.0467696,6.0545845
3ehy,5.85,data/example_database/3ehy.sdf,data/example_database/3ehy.pdb,5.85,6.196926,6.315959,6.298407,5.6837444,6.9592295,5.7374587,6.617084,6.0322304,6.012678,5.6668625,6.1520576
3uev,5.89,data/example_database/3uev.sdf,data/example_database/3uev.pdb,5.89,6.09409,5.7964005,6.350639,5.920458,5.7758408,6.0211706,6.2191057,6.263915,5.3083186,5.225132,5.897507
3ebp,5.91,data/example_database/3ebp.sdf,data/example_database/3ebp.pdb,5.91,5.7430844,5.8315845,5.6860437,5.5454626,5.9390726,5.4985566,5.7662897,5.5148454,6.1203475,5.9792633,5.762455
1o0h,5.92,data/example_database/1o0h.sdf,data/example_database/1o0h.pdb,5.92,5.381805,5.338224,5.5269494,5.891733,5.4317975,5.7824016,5.0491614,6.100886,5.662533,6.205976,5.6371465
1q8u,5.96,data/example_database/1q8u.sdf,data/example_database/1q8u.pdb,5.96,7.4988456,7.2795224,7.4946055,7.064105,6.936614,7.0978446,7.540931,7.519736,7.3795958,7.3673134,7.3179107
4w9i,5.96,data/example_database/4w9i.sdf,data/example_database/4w9i.pdb,5.96,6.451662,5.4594026,6.090715,5.4515266,5.909825,5.8344536,5.923572,5.369188,6.061176,6.0227504,5.857427
3ary,6.0,data/example_database/3ary.sdf,data/example_database/3ary.pdb,6.0,5.4263897,5.9412136,6.18342,6.4050703,4.9970627,5.1586533,5.4576936,6.056129,5.7360153,4.866358,5.6228004
3coy,6.02,data/example_database/3coy.sdf,data/example_database/3coy.pdb,6.02,6.968222,7.6956487,6.6470404,6.999084,7.404624,7.226448,7.296779,6.778751,6.9631715,6.947375,7.092715
3f3c,6.02,data/example_database/3f3c.sdf,data/example_database/3f3c.pdb,6.02,6.0050907,5.9261293,5.733511,5.6790857,5.87224,5.426154,5.8743258,5.0158467,5.5012674,6.148022,5.718167
2fxs,6.06,data/example_database/2fxs.sdf,data/example_database/2fxs.pdb,6.06,6.4211664,5.751105,6.4853845,5.922972,6.504358,5.504745,6.00622,5.245444,5.9787955,6.3313675,6.0151553
4kzq,6.1,data/example_database/4kzq.sdf,data/example_database/4kzq.pdb,6.1,7.0776153,6.706179,6.7707076,6.4564953,6.4973,6.4961,7.074325,6.583306,6.69244,6.7477546,6.7102227
2qnq,6.11,data/example_database/2qnq.sdf,data/example_database/2qnq.pdb,6.11,5.7064314,6.3008738,5.998721,6.300265,6.3088818,6.0427446,6.068961,5.400282,6.1910186,5.6303988,5.9948573
1nc1,6.12,data/example_database/1nc1.sdf,data/example_database/1nc1.pdb,6.12,4.8284225,5.503481,5.5959096,5.726714,4.7979503,5.399997,6.367488,5.489434,5.4248447,5.313045,5.4447284
2wvt,6.12,data/example_database/2wvt.sdf,data/example_database/2wvt.pdb,6.12,5.872635,6.467441,5.761483,5.4972925,6.0051312,6.2635355,6.2198534,5.128469,5.4878364,6.54985,5.925352
4wiv,6.26,data/example_database/4wiv.sdf,data/example_database/4wiv.pdb,6.26,6.7075167,6.641452,6.5699296,6.6860795,7.207805,6.7621064,7.0596595,7.1962304,6.8467193,6.7936916,6.8471193
3k5v,6.3,data/example_database/3k5v.sdf,data/example_database/3k5v.pdb,6.3,6.068715,5.819736,6.425289,6.3344707,6.444122,6.7367153,6.798754,6.386768,6.0465474,5.7869925,6.284811
3uew,6.31,data/example_database/3uew.sdf,data/example_database/3uew.pdb,6.31,6.2497563,5.904906,6.293246,5.690184,5.82929,5.5431943,6.653828,5.6093717,5.8465447,5.39813,5.901845
2zb1,6.32,data/example_database/2zb1.sdf,data/example_database/2zb1.pdb,6.32,6.6069856,6.531508,6.9604115,6.5916023,6.8173122,6.9579296,6.687698,6.342051,6.7004952,6.663593,6.685959
2qbr,6.33,data/example_database/2qbr.sdf,data/example_database/2qbr.pdb,6.33,5.828817,6.0980616,5.716974,5.972961,6.0764694,5.9432354,6.6313524,6.371056,6.095487,5.967695,6.070211
3arq,6.4,data/example_database/3arq.sdf,data/example_database/3arq.pdb,6.4,6.610535,6.40814,6.166422,6.1807566,5.885501,6.733666,6.067266,5.8106685,5.682028,6.2062135,6.17512
2j78,6.42,data/example_database/2j78.sdf,data/example_database/2j78.pdb,6.42,4.9157405,5.2557716,5.875153,5.6862535,5.138851,4.8450446,5.1575484,5.50666,4.9545465,5.460185,5.279576
4ea2,6.44,data/example_database/4ea2.sdf,data/example_database/4ea2.pdb,6.44,6.4052315,6.2947364,6.7179923,6.024752,6.3799896,6.24987,6.1243663,5.8981323,6.42488,6.275807,6.279576
1r5y,6.46,data/example_database/1r5y.sdf,data/example_database/1r5y.pdb,6.46,5.976492,5.970157,6.3985505,6.1342793,6.181246,5.997374,6.234142,6.650853,5.678984,5.7607994,6.098288
4m0y,6.46,data/example_database/4m0y.sdf,data/example_database/4m0y.pdb,6.46,6.3391457,5.7309146,6.4460588,5.935238,6.233775,5.576728,6.036239,5.837576,5.749531,5.861308,5.9746513
1gpn,6.48,data/example_database/1gpn.sdf,data/example_database/1gpn.pdb,6.48,6.174348,6.5234566,5.9066143,6.8366385,5.927305,6.046077,6.0821295,6.385816,5.781799,5.9130473,6.1577234
2weg,6.5,data/example_database/2weg.sdf,data/example_database/2weg.pdb,6.5,6.4168367,6.3988767,7.09544,6.6149526,6.4962363,6.596145,7.1950583,6.810872,6.3837333,6.1135144,6.6121664
4kzu,6.5,data/example_database/4kzu.sdf,data/example_database/4kzu.pdb,6.5,6.787001,6.679316,6.814199,6.585927,6.5664864,6.7176585,6.884072,6.675054,6.539179,7.196612,6.74455
4mme,6.5,data/example_database/4mme.sdf,data/example_database/4mme.pdb,6.5,6.3158197,6.3058133,6.277456,6.3093867,6.0137606,5.9255757,6.484539,6.295013,6.498204,6.056266,6.2481833
3cj4,6.51,data/example_database/3cj4.sdf,data/example_database/3cj4.pdb,6.51,6.239837,5.434752,5.9271073,5.9103374,6.061603,5.636015,5.681988,6.2019744,6.0112653,6.139217,5.9244094
3uo4,6.52,data/example_database/3uo4.sdf,data/example_database/3uo4.pdb,6.52,7.1689672,7.695632,6.9696965,7.6172075,7.0176973,7.522398,7.172133,7.211397,7.1848364,6.961333,7.25213
3wtj,6.53,data/example_database/3wtj.sdf,data/example_database/3wtj.pdb,6.53,6.9964423,7.00007,7.668692,6.9616785,7.1174417,6.8068113,7.2852917,7.349205,7.663998,7.4658327,7.2315474
3jvs,6.54,data/example_database/3jvs.sdf,data/example_database/3jvs.pdb,6.54,6.6830435,5.918389,5.3912506,6.438337,6.2945623,6.059542,6.442299,5.7493105,5.9187837,6.5020986,6.139762
1k1i,6.58,data/example_database/1k1i.sdf,data/example_database/1k1i.pdb,6.58,5.87545,5.3911085,6.2678843,6.038793,5.927465,5.921151,5.6723585,5.6516705,5.756003,5.866395,5.8368278
2yfe,6.63,data/example_database/2yfe.sdf,data/example_database/2yfe.pdb,6.63,6.2942204,6.631397,6.308965,6.485458,7.1159673,6.7770624,6.501051,6.8812394,5.965954,6.227441,6.518876
4k77,6.63,data/example_database/4k77.sdf,data/example_database/4k77.pdb,6.63,6.8914676,6.7553334,7.069947,7.1523705,7.137126,7.395875,7.1390676,7.370079,6.456369,7.1894217,7.055705
2xj7,6.66,data/example_database/2xj7.sdf,data/example_database/2xj7.pdb,6.66,5.702997,5.9940042,4.748217,5.382075,4.914682,4.951107,5.4339504,5.0941234,5.850065,5.2780304,5.334925
2iwx,6.68,data/example_database/2iwx.sdf,data/example_database/2iwx.pdb,6.68,6.333721,6.2840743,6.341457,6.596691,6.5347695,6.3149967,6.4535866,6.08042,6.4386663,6.490988,6.386937
4djv,6.72,data/example_database/4djv.sdf,data/example_database/4djv.pdb,6.72,6.5417323,6.5182886,6.8550186,6.624512,6.399704,6.3940406,6.4366655,6.722746,6.4655156,6.2937937,6.5252013
4w9h,6.73,data/example_database/4w9h.sdf,data/example_database/4w9h.pdb,6.73,6.741841,6.449463,6.576693,6.2048106,6.0328846,6.2999206,6.0305367,6.1307397,6.31354,6.4500537,6.3230486
4ogj,6.79,data/example_database/4ogj.sdf,data/example_database/4ogj.pdb,6.79,6.7297316,6.7168627,6.524866,6.525484,6.7550263,6.6789575,6.735607,6.3943324,6.6504498,6.214133,6.5925455
1p1n,6.8,data/example_database/1p1n.sdf,data/example_database/1p1n.pdb,6.8,6.6036873,6.7603254,7.300823,6.73654,6.1528935,6.617786,6.561516,6.3595505,6.7110853,6.284875,6.6089087
3dx2,6.82,data/example_database/3dx2.sdf,data/example_database/3dx2.pdb,6.82,6.419213,6.953606,6.8824134,6.7519193,7.0030794,6.1883855,6.308686,6.7513113,6.484267,7.009734,6.6752615
2xnb,6.83,data/example_database/2xnb.sdf,data/example_database/2xnb.pdb,6.83,6.55546,6.3511457,6.1129985,6.9646325,6.9878774,6.6832433,6.138064,7.02759,7.0317516,7.209058,6.706183
3n76,6.85,data/example_database/3n76.sdf,data/example_database/3n76.pdb,6.85,5.9116197,6.342207,6.456183,6.127357,6.2725816,6.2223153,5.1657834,5.3755183,6.1418824,5.975877,5.9991326
3pyy,6.86,data/example_database/3pyy.sdf,data/example_database/3pyy.pdb,6.86,6.6186056,6.7975993,6.969703,7.3871202,7.072009,6.6867495,5.8751373,6.650174,6.716138,6.758356,6.7531595
2zcr,6.87,data/example_database/2zcr.sdf,data/example_database/2zcr.pdb,6.87,7.521466,6.7802076,7.418951,7.4109974,7.1979494,7.304894,7.645795,6.8501105,7.2551837,7.647805,7.3033357
3oe5,6.88,data/example_database/3oe5.sdf,data/example_database/3oe5.pdb,6.88,6.998135,5.7734194,6.210788,6.403041,6.301822,6.220669,6.6275954,6.567738,5.866866,6.4033027,6.3373375
3jya,6.89,data/example_database/3jya.sdf,data/example_database/3jya.pdb,6.89,6.210402,6.0822196,6.2983646,6.2375555,5.8780084,5.9637275,6.522799,5.818629,5.962513,6.649153,6.1623373
3gbb,6.9,data/example_database/3gbb.sdf,data/example_database/3gbb.pdb,6.9,6.403451,6.815347,7.106191,5.987919,6.310779,6.4479265,6.602763,6.7450852,6.4718137,5.9235644,6.4814844
3uex,6.92,data/example_database/3uex.sdf,data/example_database/3uex.pdb,6.92,6.603016,6.1692843,6.4774804,5.9367347,6.1032166,5.9942837,6.8100333,5.771605,5.9210005,5.8068256,6.1593485
4f9w,6.94,data/example_database/4f9w.sdf,data/example_database/4f9w.pdb,6.94,6.618965,7.0558844,7.5910735,6.7465825,7.1660104,7.159783,6.9221444,7.1197486,7.0699244,7.1397343,7.058985
2wer,7.05,data/example_database/2wer.sdf,data/example_database/2wer.pdb,7.05,7.5548406,6.945081,7.263981,6.4379144,6.777951,7.485818,7.3049607,7.1350827,6.6625643,6.0746274,6.964282
1lpg,7.09,data/example_database/1lpg.sdf,data/example_database/1lpg.pdb,7.09,6.914853,6.6531115,6.9080806,6.855216,6.7701607,6.9299,6.5984974,6.4152727,7.0421696,6.3725133,6.745978
3zdg,7.1,data/example_database/3zdg.sdf,data/example_database/3zdg.pdb,7.1,4.5419803,5.088788,5.0386243,4.348036,5.010897,3.7013524,4.450036,4.444417,5.0196476,4.6212645,4.626504
1z95,7.12,data/example_database/1z95.sdf,data/example_database/1z95.pdb,7.12,7.5504766,8.044333,7.070348,7.4755287,7.7471538,8.11431,7.941017,7.95805,7.33413,7.6250477,7.68604
1pxn,7.15,data/example_database/1pxn.sdf,data/example_database/1pxn.pdb,7.15,6.8726554,7.811329,6.8384724,7.180446,6.9872026,7.2512765,7.4723988,6.640307,6.8014703,6.9646063,7.082017
3f3d,7.16,data/example_database/3f3d.sdf,data/example_database/3f3d.pdb,7.16,6.15485,5.4495473,4.760234,5.3646183,6.147087,5.139728,5.9249096,5.869025,5.291155,6.3601055,5.646126
3tsk,7.17,data/example_database/3tsk.sdf,data/example_database/3tsk.pdb,7.17,7.5987177,7.6321607,6.880415,7.372098,7.995995,7.563249,7.642152,7.398551,7.307739,7.3331556,7.4724226
2j7h,7.19,data/example_database/2j7h.sdf,data/example_database/2j7h.pdb,7.19,6.925662,5.9856997,6.957582,6.0840225,6.673689,7.1243687,6.6472425,6.3150997,6.4585266,6.837483,6.600938
2xii,7.2,data/example_database/2xii.sdf,data/example_database/2xii.pdb,7.2,9.463182,8.699739,9.279546,8.719248,9.480446,8.880075,8.290966,8.980933,9.69718,8.660195,9.01515
4cra,7.22,data/example_database/4cra.sdf,data/example_database/4cra.pdb,7.22,6.8310785,6.3164105,6.6753025,6.6776533,7.3371797,6.148334,6.451214,6.7636766,6.5280533,6.6120353,6.634094
4gfm,7.22,data/example_database/4gfm.sdf,data/example_database/4gfm.pdb,7.22,5.3991876,5.6109176,5.26914,6.522547,5.7996087,5.688977,5.5404725,5.524256,5.690696,6.5403695,5.758618
1oyt,7.24,data/example_database/1oyt.sdf,data/example_database/1oyt.pdb,7.24,7.2900753,7.202361,7.0736914,7.3108974,6.98567,7.1176496,7.2834926,6.652052,7.1741834,7.0523114,7.1142387
3p5o,7.26,data/example_database/3p5o.sdf,data/example_database/3p5o.pdb,7.26,6.9182005,7.225041,7.4420843,7.034471,6.9089556,6.6294627,6.666233,6.9314303,7.1575556,6.7128897,6.9626327
2vvn,7.3,data/example_database/2vvn.sdf,data/example_database/2vvn.pdb,7.3,7.507951,7.634897,7.9144664,8.089801,7.556559,7.419776,7.9323,8.200629,7.523452,7.7527204,7.7532554
1qf1,7.32,data/example_database/1qf1.sdf,data/example_database/1qf1.pdb,7.32,6.599558,7.140769,6.0113,6.4209795,5.8565383,6.62478,7.0359554,7.104176,8.153118,6.610894,6.755807
1ydt,7.32,data/example_database/1ydt.sdf,data/example_database/1ydt.pdb,7.32,6.4188056,6.4330726,6.369451,6.260623,6.8403587,6.213101,6.861798,6.1092515,6.42072,6.4549427,6.4382124
3pww,7.32,data/example_database/3pww.sdf,data/example_database/3pww.pdb,7.32,7.7234907,7.446302,7.0437274,7.1901627,7.795618,7.854511,7.78779,7.517372,8.123057,7.477575,7.595961
1owh,7.4,data/example_database/1owh.sdf,data/example_database/1owh.pdb,7.4,6.9130754,6.0382357,6.7098703,6.2548037,6.8161182,6.9938016,6.917608,6.251261,7.0387816,7.0829153,6.7016463
2zy1,7.4,data/example_database/2zy1.sdf,data/example_database/2zy1.pdb,7.4,6.9026036,6.545168,6.106191,5.8693523,6.034766,5.5899053,5.5747304,6.2392077,5.7256947,5.8213625,6.040898
3up2,7.4,data/example_database/3up2.sdf,data/example_database/3up2.pdb,7.4,7.3067064,7.0847993,7.3245416,6.9052453,6.608649,7.285786,7.3995748,7.4508343,7.2427983,6.975882,7.1584816
4j21,7.41,data/example_database/4j21.sdf,data/example_database/4j21.pdb,7.41,7.324851,6.89662,7.2556453,7.1011295,6.756312,7.1164308,7.1092725,6.795658,7.386629,7.228652,7.09712
2xys,7.42,data/example_database/2xys.sdf,data/example_database/2xys.pdb,7.42,6.2249045,6.739794,6.0949636,6.2706614,7.12447,6.2767644,6.898222,7.0980945,6.4058723,6.2324724,6.536622
2qbq,7.44,data/example_database/2qbq.sdf,data/example_database/2qbq.pdb,7.44,6.817267,6.0534496,6.5646954,6.800867,6.811697,6.005573,7.27684,6.571549,6.6461773,7.135436,6.668355
3oe4,7.47,data/example_database/3oe4.sdf,data/example_database/3oe4.pdb,7.47,6.158341,5.7128844,6.2884383,7.210417,6.0417867,6.300219,4.9976144,6.1840386,5.782038,6.6103573,6.128614
2xb8,7.59,data/example_database/2xb8.sdf,data/example_database/2xb8.pdb,7.59,6.6605964,6.309131,6.489856,6.7968683,5.986042,5.749848,6.8613815,6.895896,6.5640497,6.4987574,6.481242
2c3i,7.6,data/example_database/2c3i.sdf,data/example_database/2c3i.pdb,7.6,6.959672,6.5153413,6.467531,6.5523243,6.8007073,7.3074718,6.100732,7.6558223,6.7030215,6.787449,6.7850075
3f3e,7.7,data/example_database/3f3e.sdf,data/example_database/3f3e.pdb,7.7,7.0039515,6.5865073,6.462778,7.421372,6.594005,7.2457805,7.4031725,6.9358916,6.6531587,7.112646,6.9419265
1u1b,7.8,data/example_database/1u1b.sdf,data/example_database/1u1b.pdb,7.8,6.271363,6.1308794,5.820115,6.2387853,6.6371355,7.362807,6.0406528,6.3510528,7.1009917,6.0044656,6.395825
3qgy,7.8,data/example_database/3qgy.sdf,data/example_database/3qgy.pdb,7.8,6.871575,7.070276,7.27758,7.783288,6.58669,6.3282075,6.500279,6.453539,6.23861,6.887439,6.7997484
3ryj,7.8,data/example_database/3ryj.sdf,data/example_database/3ryj.pdb,7.8,7.7237844,7.9340787,7.5842795,7.2603836,7.9147825,7.548716,7.680355,7.3834867,7.5281043,7.487393,7.604537
4j3l,7.8,data/example_database/4j3l.sdf,data/example_database/4j3l.pdb,7.8,7.7856226,8.287248,7.7609825,7.766866,7.2111225,7.6069055,7.6993136,7.909285,7.7105727,7.2922816,7.7030206
3prs,7.82,data/example_database/3prs.sdf,data/example_database/3prs.pdb,7.82,7.8841896,8.45512,8.86504,9.112893,8.210014,8.466701,9.287949,9.041944,9.121205,9.183459,8.762852
4pcs,7.85,data/example_database/4pcs.sdf,data/example_database/4pcs.pdb,7.85,7.324256,6.867729,6.5067577,6.644484,7.026753,6.1886415,7.563955,6.581824,7.6537085,6.945879,6.9303985
4hge,7.92,data/example_database/4hge.sdf,data/example_database/4hge.pdb,7.92,7.2309103,7.710136,7.554464,7.1902113,7.917948,7.557179,7.0526857,7.0548778,7.1487827,7.569541,7.398673
1g2k,7.96,data/example_database/1g2k.sdf,data/example_database/1g2k.pdb,7.96,7.56901,7.051303,7.9574175,7.48234,7.8963537,7.7040997,7.9123955,7.4446707,8.026669,7.8394184,7.6883674
2qe4,7.96,data/example_database/2qe4.sdf,data/example_database/2qe4.pdb,7.96,9.187154,9.032247,8.230401,8.427333,8.629099,7.90231,8.482517,8.476318,8.559243,8.580596,8.550722
3e92,8.0,data/example_database/3e92.sdf,data/example_database/3e92.pdb,8.0,7.312884,8.262031,8.022475,7.321762,7.8567123,7.707687,7.8281803,7.5925813,8.026052,7.606857,7.753722
3fur,8.0,data/example_database/3fur.sdf,data/example_database/3fur.pdb,8.0,6.448039,6.741535,7.190642,6.969492,6.7900624,7.30231,7.2608085,6.946711,7.124466,6.9684725,6.9742537
2cet,8.02,data/example_database/2cet.sdf,data/example_database/2cet.pdb,8.02,8.880958,8.439721,8.48178,8.710252,8.389663,8.574993,8.858549,9.077449,8.79913,8.842107,8.705461
5tmn,8.04,data/example_database/5tmn.sdf,data/example_database/5tmn.pdb,8.04,6.3532352,6.4073634,6.8937626,7.1148415,6.235031,6.2989845,6.8415494,6.241611,6.322198,6.6156187,6.5324197
3ag9,8.05,data/example_database/3ag9.sdf,data/example_database/3ag9.pdb,8.05,6.4185495,6.5694265,5.437735,5.475827,6.30424,6.1409283,6.9960675,5.7830453,6.512075,5.909291,6.154719
3kr8,8.1,data/example_database/3kr8.sdf,data/example_database/3kr8.pdb,8.1,7.9519033,7.941557,7.6832604,7.991553,7.716144,7.778294,8.025951,7.750817,8.147166,7.331847,7.831849
3nx7,8.1,data/example_database/3nx7.sdf,data/example_database/3nx7.pdb,8.1,7.9413342,7.901364,8.042847,8.348359,7.957518,8.053248,8.127934,8.060641,8.291339,7.9242187,8.064879
3fv2,8.11,data/example_database/3fv2.sdf,data/example_database/3fv2.pdb,8.11,7.199822,7.8990326,8.141735,7.5700145,7.6340623,7.845784,7.7343802,7.79637,8.11192,7.8396597,7.777278
4eo8,8.15,data/example_database/4eo8.sdf,data/example_database/4eo8.pdb,8.15,8.104413,8.282126,7.853016,7.9403753,7.6006374,8.1399555,8.100739,8.088957,7.73598,8.09284,7.993904
1nvq,8.25,data/example_database/1nvq.sdf,data/example_database/1nvq.pdb,8.25,8.268115,8.343627,8.05354,8.005557,7.833447,8.030769,8.226235,7.9775896,8.018099,8.101496,8.085848
1h23,8.35,data/example_database/1h23.sdf,data/example_database/1h23.pdb,8.35,7.210012,6.380347,6.914287,7.5540867,6.836423,6.33678,7.8927364,7.1289268,6.728592,6.4413786,6.942357
2al5,8.4,data/example_database/2al5.sdf,data/example_database/2al5.pdb,8.4,7.3141775,7.4349236,7.0633516,7.4905105,7.5261865,7.4340067,7.752088,6.958688,7.218276,7.1527724,7.334498
2qbp,8.4,data/example_database/2qbp.sdf,data/example_database/2qbp.pdb,8.4,7.4751034,7.501399,7.5009785,7.9470763,7.888293,7.0896153,7.884726,7.0010715,7.651204,7.280038,7.5219507
2zda,8.4,data/example_database/2zda.sdf,data/example_database/2zda.pdb,8.4,7.8058867,7.890242,8.302482,7.543118,7.922796,7.6198277,8.293579,7.706326,8.593303,8.08729,7.976485
3b68,8.4,data/example_database/3b68.sdf,data/example_database/3b68.pdb,8.4,7.8607626,8.004855,7.8469334,7.8625093,7.3191857,8.119363,7.695649,7.812713,7.809844,6.9551086,7.728692
2xbv,8.43,data/example_database/2xbv.sdf,data/example_database/2xbv.pdb,8.43,8.441198,7.7342973,7.999372,7.6065216,8.002241,7.965139,8.055571,7.7046194,8.509324,7.680287,7.969857
3b1m,8.48,data/example_database/3b1m.sdf,data/example_database/3b1m.pdb,8.48,7.664226,7.5753255,7.8282866,7.8711767,8.12864,7.792544,7.7120275,7.822593,7.61387,7.562484,7.7571173
2fvd,8.52,data/example_database/2fvd.sdf,data/example_database/2fvd.pdb,8.52,7.680686,6.6693997,7.168016,7.2345643,7.238397,7.262395,6.7530074,7.622605,7.2050657,7.0916333,7.1925764
2vw5,8.52,data/example_database/2vw5.sdf,data/example_database/2vw5.pdb,8.52,6.3840647,6.0570974,5.6439524,6.2279215,5.9108233,6.268036,6.7982035,6.6792912,6.505223,5.8917527,6.236636
2wn9,8.52,data/example_database/2wn9.sdf,data/example_database/2wn9.pdb,8.52,6.9494,6.657434,6.6673794,6.3420596,6.9023066,6.6112013,6.339472,6.399057,6.3009315,6.5257716,6.569501
3ejr,8.57,data/example_database/3ejr.sdf,data/example_database/3ejr.pdb,8.57,7.8841276,8.082021,7.329377,7.368912,7.400554,7.5981054,7.318013,7.211774,7.658979,7.4350963,7.5286956
3u8k,8.66,data/example_database/3u8k.sdf,data/example_database/3u8k.pdb,8.66,7.455197,6.6618104,7.4652405,6.4725046,6.797007,7.3540673,7.1374087,6.8354764,7.5656266,7.0951204,7.083946
2vkm,8.74,data/example_database/2vkm.sdf,data/example_database/2vkm.pdb,8.74,6.6708145,6.6468024,7.120363,6.9411993,6.3042345,6.9025583,7.1641636,6.3977313,6.7608857,6.543841,6.74526
2wtv,8.74,data/example_database/2wtv.sdf,data/example_database/2wtv.pdb,8.74,7.3320255,7.3859096,7.6063123,7.859737,7.510642,7.190797,7.6239195,7.488934,7.584593,7.4155116,7.4998384
3b5r,8.77,data/example_database/3b5r.sdf,data/example_database/3b5r.pdb,8.77,8.669028,8.592135,8.29141,8.169909,8.883252,7.743518,8.422656,8.7286415,8.8942585,8.297538,8.469234
2zcq,8.82,data/example_database/2zcq.sdf,data/example_database/2zcq.pdb,8.82,5.860231,6.60136,7.4572735,6.335581,6.335029,6.645,6.263112,5.8515434,6.935241,6.2481728,6.4532547
3e93,8.85,data/example_database/3e93.sdf,data/example_database/3e93.pdb,8.85,7.850274,7.025957,8.003464,8.787477,7.456367,8.155768,8.031317,7.8346763,7.0885596,7.688655,7.7922506
4k18,8.96,data/example_database/4k18.sdf,data/example_database/4k18.pdb,8.96,6.8486457,7.6107,7.453485,7.314961,6.9878154,7.6625857,7.480742,6.8532524,6.576882,6.761442,7.155051
2p4y,9.0,data/example_database/2p4y.sdf,data/example_database/2p4y.pdb,9.0,7.856469,7.8239713,8.063455,6.9974833,7.9352427,7.2002664,7.806139,8.011507,8.423399,8.001928,7.8119864
3dd0,9.0,data/example_database/3dd0.sdf,data/example_database/3dd0.pdb,9.0,8.803488,8.858662,8.916211,8.8467245,8.663908,8.859602,8.342333,8.770812,8.6502075,8.79862,8.751058
3nw9,9.0,data/example_database/3nw9.sdf,data/example_database/3nw9.pdb,9.0,7.2358065,6.9015265,6.745152,7.2016263,7.6821294,6.9124417,7.433657,7.3505297,6.3799553,7.10893,7.0951753
1qkt,9.04,data/example_database/1qkt.sdf,data/example_database/1qkt.pdb,9.04,8.200071,8.448793,8.530663,8.150538,8.325335,8.739066,8.405058,8.493465,8.671543,8.429153,8.439369
1h22,9.1,data/example_database/1h22.sdf,data/example_database/1h22.pdb,9.1,7.2020755,6.4916286,6.976094,7.7360945,6.641753,6.188062,7.575572,6.9613376,6.5818,6.3044477,6.8658867
3gnw,9.1,data/example_database/3gnw.sdf,data/example_database/3gnw.pdb,9.1,7.2835417,7.1316695,7.6141176,7.0405154,7.5763354,7.6439276,7.8963943,7.715697,7.1624804,6.774351,7.3839035
1sqa,9.21,data/example_database/1sqa.sdf,data/example_database/1sqa.pdb,9.21,7.7043347,8.02705,7.5893397,7.0528893,8.168862,7.7427797,8.406776,7.365604,8.351461,8.06362,7.847272
4jia,9.22,data/example_database/4jia.sdf,data/example_database/4jia.pdb,9.22,8.49102,7.670842,7.6077,7.6467166,7.914498,7.6144786,7.952887,7.5982056,7.5632977,7.5234327,7.7583075
3b65,9.27,data/example_database/3b65.sdf,data/example_database/3b65.pdb,9.27,7.637072,8.115204,7.404036,7.930394,8.493352,7.5921245,7.738974,7.7950253,8.157842,7.539894,7.8403916
3fv1,9.3,data/example_database/3fv1.sdf,data/example_database/3fv1.pdb,9.3,8.533701,9.251668,9.0936165,8.032453,8.490342,8.808231,8.849508,8.594992,8.849829,8.314738,8.681908
4qac,9.4,data/example_database/4qac.sdf,data/example_database/4qac.pdb,9.4,7.990921,7.9986563,8.181356,8.038929,7.4930115,8.618249,7.730363,8.488029,7.22402,7.6057725,7.9369307
3g0w,9.52,data/example_database/3g0w.sdf,data/example_database/3g0w.pdb,9.52,7.554136,7.914419,7.412552,7.935501,7.8786926,8.342291,7.80858,8.441999,7.981781,7.961142,7.9231095
2pog,9.54,data/example_database/2pog.sdf,data/example_database/2pog.pdb,9.54,8.730452,9.114494,9.131723,9.172286,8.998433,8.9418335,8.918379,9.433451,8.654698,8.452648,8.95484
4gr0,9.55,data/example_database/4gr0.sdf,data/example_database/4gr0.pdb,9.55,8.452339,8.442761,8.794247,8.221942,8.422558,8.388863,9.062772,8.465187,8.115569,8.588191,8.495443
1eby,9.7,data/example_database/1eby.sdf,data/example_database/1eby.pdb,9.7,8.82615,9.072003,8.912123,8.587104,8.8589115,8.917212,8.710822,9.191657,9.020457,8.527765,8.862421
1z6e,9.72,data/example_database/1z6e.sdf,data/example_database/1z6e.pdb,9.72,9.097432,9.2009945,8.43813,9.048707,8.468533,8.87786,9.052068,9.055212,9.143898,8.61547,8.899831
1e66,9.89,data/example_database/1e66.sdf,data/example_database/1e66.pdb,9.89,8.645372,8.439196,7.5568433,8.131945,8.546219,8.0374975,8.03355,8.468344,8.253452,8.513346,8.262575
3u8n,10.17,data/example_database/3u8n.sdf,data/example_database/3u8n.pdb,10.17,7.6443186,7.511382,7.4024196,6.943469,6.925261,7.500561,6.8285394,7.0424805,7.527148,6.8758397,7.2201424
4tmn,10.17,data/example_database/4tmn.sdf,data/example_database/4tmn.pdb,10.17,7.7415032,7.8912683,7.5547204,8.576837,7.174151,7.332516,7.958425,7.551253,7.5791826,7.151636,7.651149
2p15,10.3,data/example_database/2p15.sdf,data/example_database/2p15.pdb,10.3,8.58791,8.28677,8.981788,8.551553,8.306534,9.124986,8.8145,8.6900625,8.762499,8.910715,8.701731
4gid,10.77,data/example_database/4gid.sdf,data/example_database/4gid.pdb,10.77,9.032417,8.510239,9.013705,9.28466,8.516722,9.264458,9.015702,9.30949,8.851979,8.273212,8.907259
3utu,10.92,data/example_database/3utu.sdf,data/example_database/3utu.pdb,10.92,8.081279,7.3873925,7.824752,7.7451158,7.878487,7.747112,7.484004,7.7707033,8.234536,7.3982577,7.7551637
5c2h,11.09,data/example_database/5c2h.sdf,data/example_database/5c2h.pdb,11.09,9.320903,9.424317,9.763998,9.229816,9.772118,10.081521,9.816614,9.14384,9.205968,9.533284,9.529238
1mq6,11.15,data/example_database/1mq6.sdf,data/example_database/1mq6.pdb,11.15,9.118621,9.02335,8.503205,9.317035,9.083717,9.323206,9.38788,9.456809,8.713554,9.049071,9.097645
5dwr,11.22,data/example_database/5dwr.sdf,data/example_database/5dwr.pdb,11.22,8.977136,8.681418,8.523884,8.947214,9.325979,9.55568,9.328471,8.803188,9.438776,8.288896,8.987064
2x00,11.33,data/example_database/2x00.sdf,data/example_database/2x00.pdb,11.33,7.9363456,7.376505,7.454752,7.5899124,7.6138306,7.7067356,7.691871,8.403968,7.083008,6.6890445,7.554597
3o9i,11.82,data/example_database/3o9i.sdf,data/example_database/3o9i.pdb,11.82,11.146973,10.908933,10.854344,11.414503,11.535345,11.535346,11.389079,11.005557,11.096627,11.561405,11.24481
